{"cameraMode":{"drawMode":0,"name":"Shaded","section":"Shading Mode"},"sceneLighting":false,"audioPlay":false,"sceneViewState":{"m_AlwaysRefresh":false,"showFog":true,"showSkybox":false,"showFlares":true,"showImageEffects":true,"showParticleSystems":true,"showVisualEffectGraphs":true,"m_FxEnabled":true},"in2DMode":false,"pivot":{"x":-1.2248964309692383,"y":1.1476497650146485,"z":-1.2898170948028565},"rotation":{"x":-0.008967112749814988,"y":0.9912773370742798,"z":-0.10774847865104675,"w":-0.07806771248579025},"size":2.3320508003234865,"orthographic":false}