{"cameraMode":{"drawMode":0,"name":"Shaded","section":"Shading Mode"},"sceneLighting":true,"audioPlay":false,"sceneViewState":{"m_AlwaysRefresh":false,"showFog":true,"showSkybox":true,"showFlares":true,"showImageEffects":true,"showParticleSystems":true,"showVisualEffectGraphs":true,"m_FxEnabled":true},"in2DMode":false,"pivot":{"x":-1.031233549118042,"y":0.19689127802848817,"z":-15.97630786895752},"rotation":{"x":0.0013919140910729766,"y":0.9982874393463135,"z":-0.03778452053666115,"w":0.04881855472922325},"size":10.70400619506836,"orthographic":false}